{
  "metadata" : {
    "id" : "f48ba4fe-2050-40ce-a4a2-aee567e44407",
    "name" : "LTV",
    "modified_at" : "2021-08-27T11:38:28.519Z",
    "created_at" : "2021-08-27T11:38:28.519Z",
    "owner" : "IBMid-661002FQU1",
    "space_id" : "7406d1ca-d4ab-4c2d-ab62-7cece108e535"
  },
  "entity" : {
    "name" : "LTV",
    "space_id" : "7406d1ca-d4ab-4c2d-ab62-7cece108e535",
    "custom" : { },
    "online" : { },
    "status" : {
      "state" : "ready",
      "online_url" : {
        "url" : "https://eu-de.ml.cloud.ibm.com/ml/v4/deployments/f48ba4fe-2050-40ce-a4a2-aee567e44407/predictions"
      }
    },
    "asset" : {
      "id" : "81bf2bc6-dd74-4d02-b572-e5dc57bced7a"
    }
  },
  "name" : "LTV",
  "status" : "ready",
  "deployedAt" : "2021-08-27T11:38:28.519Z"
}