{
  "metadata" : {
    "id" : "81bf2bc6-dd74-4d02-b572-e5dc57bced7a",
    "name" : "SkyTalk LTV prediction - P1 XGB Regressor",
    "modified_at" : "2021-08-27T11:28:13.374Z",
    "created_at" : "2021-08-27T11:28:13.155Z",
    "owner" : "IBMid-661002FQU1",
    "space_id" : "7406d1ca-d4ab-4c2d-ab62-7cece108e535"
  },
  "entity" : {
    "label_column" : "LTV",
    "content_import_state" : "completed",
    "type" : "wml-hybrid_0.1",
    "schemas" : {
      "input" : [ {
        "id" : "auto_ai_kb_input_schema",
        "fields" : [ {
          "name" : "Gender",
          "type" : "other",
          "nullable" : true
        }, {
          "name" : "Status",
          "type" : "other",
          "nullable" : true
        }, {
          "name" : "Household",
          "type" : "integer",
          "nullable" : true
        }, {
          "name" : "Est Income",
          "type" : "double",
          "nullable" : true
        }, {
          "name" : "Car Owner",
          "type" : "other",
          "nullable" : true
        }, {
          "name" : "Age",
          "type" : "double",
          "nullable" : true
        }, {
          "name" : "Paymethod",
          "type" : "other",
          "nullable" : true
        }, {
          "name" : "Usage",
          "type" : "double",
          "nullable" : true
        }, {
          "name" : "RatePlan",
          "type" : "integer",
          "nullable" : true
        } ]
      } ],
      "output" : [ ]
    }
  },
  "id" : "81bf2bc6-dd74-4d02-b572-e5dc57bced7a",
  "name" : "SkyTalk LTV prediction - P1 XGB Regressor",
  "trainedAt" : "2021-08-27T11:28:13.155Z",
  "modifiedAt" : "2021-08-27T11:28:13.374Z"
}