{
	"fileVersion": "1.0.0",
	"fileLocation": "",
	"requiredToolVersion": ">=1.1.0 <1.2.0",
	"requiredCP4BAVersion": ">=23.1.0 <23.2.0",
	"requiredCP4BAPattern": "Starter",
	
	"actions": [
		{
			"CONTAINER": {
				"enabled": "$$(enableAddUsers)$$",
				"description": "3 - Create users - Add business users to the LDAP and Cloud Pak Platform",
				"actions": [				
					{
						"OCP": {
							"enabled": "true",
							"description": "Add users and their group membership to LDIF and restart LDAP pod",
							"subActions": [
								{
									"MODIFYSTARTERLDAP": {
										"enabled": "true",
										"description": "Modify LDAP by adding business users and adding them to one group",
										"restartPod": true,
										"maximumNumPollsForRestart": 15,
										"sleepBetweenPollsInSecondsForRestart" : 10,
										"entities": [
											{
												"action": "add",
												"type": "user",
												"dn": "uid=henry,dc=example,dc=org",
												"uid": "henry",
												"cn": "henry",
												"sn": "henry",
												"userPassword": "henry",
												"homeDirectory": "/home/henry/",
												"mail": "henry@example.org"
											},
											{
												"action": "add",
												"type": "user",
												"dn": "uid=debby,dc=example,dc=org",
												"uid": "debby",
												"cn": "debby",
												"sn": "debby",
												"userPassword": "debby",
												"homeDirectory": "/home/debby/",
												"mail": "debby@example.org"
											},
											{
												"action": "add",
												"type": "user",
												"dn": "uid=patrick,dc=example,dc=org",
												"uid": "patrick",
												"cn": "patrick",
												"sn": "patrick",
												"userPassword": "patrick",
												"homeDirectory": "/home/patrick/",
												"mail": "patrick@example.org"
											},
											{
												"action": "update",
												"type": "group",
												"dn": "cn=GeneralUsers,dc=example,dc=org",
												"cn": "GeneralUsers",
												"members": [
													{
														"action": "add",
														"dn": "uid=henry,dc=example,dc=org"
													},
													{
														"action": "add",
														"dn": "uid=debby,dc=example,dc=org"
													},
													{
														"action": "add",
														"dn": "uid=patrick,dc=example,dc=org"
													}
												]
											}
										]
									}
								},
								{
									"PLATFORM_USERMGT": {
										"enabled": "true",
										"description": "Add previously added business users to Cloud Pak Platform",
										"entities": [
											{
												"action": "add",
												"name": "henry",
												"roles": [
													"Automation Administrator",
													"Automation Developer"
												]
											},
											{
												"action": "add",
												"name": "debby",
												"roles": [
													"Automation Administrator",
													"Automation Developer"
												]
											},
											{
												"action": "add",
												"name": "patrick",
												"roles": [
													"Automation Administrator",
													"Automation Developer"
												]
											}
										]
									}
								}
							]
						}
					},
					{
						"ICN": {
							"enabled": "true",
							"description": "Add user to ICN admin users",
							"subActions": [
								{
									"UPDATEADMINSETTINGS": {
										"enabled": "true",
										"description": "Update Admin Settings adding user to admin access list",
										"users": [
											{
												"action": "add",
												"name": "henry"
											}
										]
									}
								}
							]
						}
					}
				]
			}
		},
		{
			"CONTAINER": {
				"enabled": "$$(enableDeployPE)$$",
				"description": "Deploy Content Platinum Demo PE artifacts",
				"actions": [
					{
						"FNCM": {
							"enabled": "true",
							"description": "Configure P8 entities",
							"replaceExistingDocuments": false,
							"objectStoreName": "CONTENT",
							"subActions": [
								{
									"MANAGEISOLATEDREGIONSETTINGS": {
										"enabled": "true",
										"description": "Set 'serverBaseURL' for 'ICN WebApp' for isolated region",
										"settings": {
											"applyOnlyProvidedSettings": false,
											"webApps": [
												{
													"action": "add",
													"isDefault": true,
													"webApplication": "IBM Content Navigator",
													"serverBaseUrl": "$$(icnURL)$$/navigator"
												}
											]
										}		
									}
								},
								{
									"MANAGEQUEUEEXPOSEDSYSTEMFIELDS": {
										"enabled": "true",
										"description": "Manage Queue Exposed System Fields",
										"queueName": "Inbox",
										"onlySpecifiedOptionalSystemFields": false,		
										"exposedFields": [
											{
												"action": "add",
												"name": "F_StartTime"
											},
											{
												"action": "add",
												"name": "F_Comment"
											},
											{
												"action": "add",
												"name": "F_Response"
											},
											{
												"action": "add",
												"name": "F_StepName"
											},
											{
												"action": "add",
												"name": "F_Deadline"
											}
										]
									}
								},
								{
									"MANAGEQUEUEWORKBASKETS": {
										"enabled": "true",
										"description": "Manage WorkBaskets for Queue 'Inbox'",
										"queueName": "Inbox",
										"applyOnlyProvidedWorkBaskets": false,
										"workBaskets": [
											{
												"action": "add",
												"name": "FC review inbox",
												"description": "Sample FC review inbox",
												"onlySpecifiedOptionalSystemFields": false,
												"exposedFields": [
													{
														"action": "add",
														"name": "F_CreateTime",
														"label": "Creation time",
														"sortable": false
													},
													{
														"action": "add",
														"name": "F_Subject",
														"label": "Subject",
														"sortable": false
													},
													{
														"action": "add",
														"name": "F_Overdue",
														"label": "Overdue",
														"sortable": false
													},
													{
														"action": "add",
														"name": "F_StartTime",
														"label": "Start time",
														"sortable": false
													},
													{
														"action": "add",
														"name": "F_Comment",
														"label": "Comment",
														"sortable": false
													},
													{
														"action": "add",
														"name": "F_Response",
														"label": "Response",
														"sortable": false
													},
													{
														"action": "add",
														"name": "F_Deadline",
														"label": "Due date",
														"sortable": false
													},
													{
														"action": "add",
														"name": "F_StepName",
														"label": "Workflow step name",
														"sortable": false
													}
												]
											}
										]
									}
								},
								{
									"MANAGEQUEUESECURITY": {
										"enabled": "true",
										"description": "Manage security for queue 'Inbox'",
										"queueName": "Inbox",
										"applyOnlyProvidedEntities": false,
										"accessRights": [
											{
												"action": "add",
												"entityName": "henry",
												"write": true,
												"read": true
											},
											{
												"action": "add",
												"entityName": "debby",
												"write": true,
												"read": true
											},
											{
												"action": "add",
												"entityName": "patrick",
												"write": true,
												"read": true
											}
										]
									}
								},
								{
									"MANAGEAPPSPACESECURITY": {
										"enabled": "true",
										"description": "Manage Application Security for 'DefaultApplication'",
										"appSpaceName": "DefaultApplication",
										"applyOnlyProvidedEntities": false,
										"accessRights": [
											{
												"action": "add",
												"entityName": "henry"
											},
											{
												"action": "add",
												"entityName": "debby"
											},
											{
												"action": "add",
												"entityName": "patrick"
											}
										]
									}
								},
								{
									"MANAGEAPPSPACEROLES": {
										"enabled": "true",
										"description": "Manage Roles for Application Space 'DefaultApplication'",
										"appSpaceName": "DefaultApplication",
										"queueName": "Inbox",
										"removeUnmentionedRoles": false,
										"roles": [
											{
												"action": "add",
												"name": "FC Approvers",
												"description": "Description: FC Approvers",
												"removeUnmentionedRoles": false,
												"removeUnmentionedWorkbaskets": false,
												"workBaskets": [
													{
														"name": "FC review inbox",
														"action": "reference"
													}
												],
												"members": [
													{
														"action": "add",
														"name": "henry"
													},
													{
														"action": "add",
														"name": "debby"
													},
													{
														"action": "add",
														"name": "patrick"
													}
												]
											}
										]
									}
								}
							]
						}
					},
					{
						"ICN": {
							"enabled": "true",
							"description": "Configure P8 repository 'content'",
							"subActions": [
								{
									"UPDATEP8REPOSETTINGS": {
										"enabled": "true",
										"description": "Update P8 repository settings",
										"repoId": "content",
										"workflowConnectionPoint": "pe_conn_content:1",
									   	"displayWorkflowDefinitionClass": true,
									   	"displayFormTemplateClass": true,
										"allowMergeSplitForRoleBasedRedaction": true
									}
								}
							]
						}
					}
				]
			}
		},
		{
			"CONTAINER": {
				"enabled": "$$(enableCreateDesktop)$$",
				"description": "Create Desktop for Content Platinum Demo and prepare Workflows",
				"actions": [
					{
						"FNCM": {
							"enabled": "true",
							"description": "Create 'Workflows' folder and upload workflow definitions",
							"replaceExistingDocuments": false,
							"objectStoreName": "CONTENT",
							"relativeBasePath": "FileNet Content Manager",
							"subActions": [
								{
									"CREATEFOLDER": {
										"enabled": "true",
										"description": "Create 'Workflows' folder in root",
										"parentFolderPath": "/",
										"folderName": "Workflows",
										"folderClassSymbolicName": "Folder"
									}
								},
								{
									"CREATEDOCUMENT": {
										"enabled": "true",
										"description": "Create 'ICNParallelDocumentApproval.pep' doc",
										"replaceExistingDocument": false,
										"folderName": "/Workflows",
										"docClass": "WorkflowDefinition",
										"docTitle": "ICNParallelDocumentApproval.pep",
										"file": "ICNParallelDocumentApproval.pep",
										"fileContentType": "application/x-filenet-workflowdefinition"
									}
								},
								{
									"CREATEDOCUMENT": {
										"enabled": "true",
										"description": "Create 'ICNSequentialDocumentApproval.pep' doc",
										"replaceExistingDocument": false,
										"folderName": "/Workflows",
										"docClass": "WorkflowDefinition",
										"docTitle": "ICNSequentialDocumentApproval.pep",
										"file": "ICNSequentialDocumentApproval.pep",
										"fileContentType": "application/x-filenet-workflowdefinition"
									}
								}
							]
						}
					},
					{
						"ICN": {
							"enabled": "true",
							"description": "Create ViewerMap & Desktop and transfer Workflows",
							"subActions": [
								{
									"MANAGEVIEWERMAPS": {
										"enabled": "true",
										"description": "Create new Viewer Map based on default viewer map",
										"action": "copy",
										"viewerMapName": "FCViewerMap",
										"viewerMapId": "FCViewerMap",
										"sourceViewerMapName": "Default viewer map",
										"viewerOrder": [
											{
												"viewerMappingName": "Video Viewer",
												"serverType": "FileNet Content Manager",
												"targetPosition": 1
											},
											{
												"viewerMappingName": "Daeja ViewONE Virtual",
												"serverType": "FileNet Content Manager",
												"targetPosition": 2
											}
										]
									}
								},
								{
									"MANAGEDESKTOP": {
										"enabled": "true",
										"description": "Make a copy of the content desktop with some custom settings and save as FocusCorp desktop",
										"action": "copy",
										"desktopName": "FocusCorp",
										"desktopNewId": "FocusCorp",
										"desktopDescription": "FocusCorp sample desktop",
										"copySourceDesktopName": "contentdesktop",
										"makeDefault": true,
										"viewerMapName": "FCViewerMap",
										"enableDesktopForWorkflowNotification": true,
										"onlySpecifiedPluginNames": true,
										"pluginNames": [
											"External Application Service plug-in",
											"Application Discovery plug-in",
											"Platform Plug-in"
										]
									}
								},
								{
									"TRANSFERWORKFLOW": {
										"enabled": "true",
										"description": "Transfer Workflows",
										"desktopName": "FocusCorp",
										"workflowDocuments": [
											{
												"docPath": "/Workflows/ICNSequentialDocumentApproval.pep",
												"transferForExistingClassName": false
											},
											{
												"docPath": "/Workflows/ICNParallelDocumentApproval.pep",
												"transferForExistingClassName": false
											}
										]
									}
								}
							]
						}
					}
				]
			}
		},
		{
			"CONTAINER": {
				"enabled": "$$(enableManageRedactions)$$",
				"description": "Manage redactions for 'content' repository",
				"actions": [
					{
						"ICN": {
							"enabled": "true",
							"description": "Create role-based redaction reason, roles, and policy",
							"subActions": [
								{
									"MANAGEREDACTION": {
										"enabled": "true",
										"description": "Manage redaction reasons for 'content' repository",
										"repository": "content",
										"reverseOrder": false,
										
										"redactionReasons": [
											{
												"action": "add",
												"name": "Private Information",
												"description": "Candidate personal information"
											}
										],
										"redactionRoles": [
											{
												"action": "add",
												"type": "Viewer",
												"name": "FC redaction viewer",
												"description": "Redaction viewer role at FocusCorp",
												"entities": [
													{
														"action": "add",
														"entityName": "patrick",
														"entityType": "User",
														"permission": "Allow"
													},
													{
														"action": "add",
														"entityName": "cp4admin",
														"entityType": "User",
														"permission": "Allow"
													}
												]
											},
											{
												"action": "add",
												"type": "Editor",
												"name": "FC redaction editor",
												"description": "Redaction editor role at FocusCorp",
												"entities": [
													{
														"action": "add",
														"entityName": "cp4admin",
														"entityType": "User",
														"permission": "Allow"
													},
													{
														"action": "add",
														"entityName": "henry",
														"entityType": "User",
														"permission": "Allow"
													}
												]
											}
										],
										"redactionPolicies": [
											{
												"action": "add",
												"name": "FC Redaction policy",
												"description": "Focus Corp redaction policy",
												"reasons": [
													{
														"action": "add",
														"name": "Private Information"
													}
												],
												"editors": [
													{
														"action": "add",
														"name": "FC redaction editor"
													}
												],
												"viewers": [
													{
														"action": "add",
														"name": "FC redaction viewer"
													}
												]
											}
										]
									}
								}
							]
						}
					}
				]
			}
		},
		{
			"CONTAINER": {
				"enabled": "$$(enableDeployCE)$$",
				"description": "Deploy Content Platinum Demo CE artifacts",
				"actions": [
					{
						"FNCM": {
							"enabled": "true",
							"description": "Create CE artifacts",
							"replaceExistingDocuments": false,
							"objectStoreName": "CONTENT",
							"subActions": [
								{
									"CREATECHOICELIST": {
										"enabled": "true",
										"description": "Create three ChoiceLists",
										"choiceLists": [
											{
												"displayName": "Department names",
												"dataType": "String",
												"choices": [
													{
														"displayName": "R&D",
														"value": "R&D"
													},
													{
														"displayName": "HR",
														"value": "HR"
													},
													{
														"displayName": "Accounting",
														"value": "Accounting"
													}
													,
													{
														"displayName": "Sales",
														"value": "Sales"
													}
													,
													{
														"displayName": "Marketing",
														"value": "Marketing"
													}
												]
											},
											{
												"displayName": "Document types",
												"dataType": "String",
												"choices": [
													{
														"displayName": "ID",
														"value": "ID"
													},
													{
														"displayName": "Resume",
														"value": "Resume"
													},
													{
														"displayName": "Diploma",
														"value": "Diploma"
													},
													{
														"displayName": "Motivation letter",
														"value": "Motivation letter"
													},
													{
														"displayName": "Evaluation form",
														"value": "Evaluation form"
													},
													{
														"displayName": "Candidate video",
														"value": "Candidate video"
													},
													{
														"displayName": "HR process",
														"value": "HR process"
													},
													{
														"displayName": "Other",
														"value": "Other"
													}
												]
											},
											{
												"displayName": "Document sources",
												"dataType": "String",
												"choices": [
													{
														"displayName": "Internal",
														"value": "Internal"
													},
													{
														"displayName": "External",
														"value": "External"
													}
												]
											}
										]
									}
								},
								{
									"CREATEPROPERTYTEMPLATE": {
										"enabled": "true",
										"description": "Define five property templates for usage in new document class",
										"propertyTemplates": [
											{
												"name": "Candidate Name",
												"symbolicName": "CandidateName",
												"dataType": "String",
												"cardinality": "Single"
											},
											{
												"name": "Application Date",
												"symbolicName": "ApplicationDate",
												"dataType": "Date",
												"cardinality": "Single"
											},
											{
												"name": "Department Name",
												"symbolicName": "DepartmentName",
												"dataType": "String",
												"cardinality": "Single",
												"additionalProperties": [{"ChoiceList": "Department names"}]
											},
											{
												"name": "Document Type",
												"symbolicName": "DocumentType",
												"dataType": "String",
												"cardinality": "Single",
												"additionalProperties": [{"ChoiceList": "Document types"}]
											},
											{
												"name": "Document Source",
												"symbolicName": "DocumentSource",
												"dataType": "String",
												"cardinality": "Single",
												"additionalProperties": [{"ChoiceList": "Document sources"}]
											}
										]
									}
								},
								{
									"CREATECLASSDEFINITION": {
										"enabled": "true",
										"description": "Create new document class 'Application Document' using previously created property templates",
										"className": "Application Document",
										"classSymbolicName": "ApplicationDocument",
										"baseClassSymbolicName": "Document",
										"enableCBR": false,
										"propertyTemplateNames": [
											"CandidateName",
											"ApplicationDate",
											"DepartmentName",
											"DocumentType",
											"DocumentSource"
										]
									}
								}
							]
						}
					}
				]
			}
		},
		{
			"CONTAINER": {
				"enabled": "$$(enableUploadDocuments)$$",
				"description": "Upload sample documents for Content Platinum Demo",
				"actions": [
					{
						"FNCM": {
							"enabled": "true",
							"description" : "CPE - Create 'ECM Platinum Demo' folder and upload sample documents",
							"objectStoreName": "CONTENT",
							"relativeBasePath": "FileNet Content Manager",
							"subActions": [
								{
									"CREATEFOLDER": {
										"enabled": "true",
										"description": "Create 'ECM Platinum Demo' folder in root",
										"parentFolderPath": "/",
										"folderName": "ECM Platinum Demo",
										"folderClassSymbolicName": "Folder"
									}
								},
								{
									"CREATEDOCUMENT": {
										"enabled": "true",
										"description": "Create 'FC  Employment application.docx' document",
										"replaceExistingDocument": false,
										"folderName": "/ECM Platinum Demo",
										"docClass": "Document",
										"docTitle": "FC  Employment application.docx",
										"file": "FC  Employment application.docx",
										"fileContentType": "application/vnd.openxmlformats-officedocument.wordprocessingml.document"
									}
								},
								{
									"CREATEDOCUMENT": {
										"enabled": "true",
										"description": "Create 'FC Evaluation form.docx' document",
										"replaceExistingDocument": false,
										"folderName": "/ECM Platinum Demo",
										"docClass": "Document",
										"docTitle": "FC Evaluation form.docx",
										"file": "FC Evaluation form.docx",
										"fileContentType": "application/vnd.openxmlformats-officedocument.wordprocessingml.document"
									}
								},
								{
									"CREATEDOCUMENT": {
										"enabled": "true",
										"description": "Create 'FC Job offer.docx' document",
										"replaceExistingDocument": false,
										"folderName": "/ECM Platinum Demo",
										"docClass": "Document",
										"docTitle": "FC Job offer.docx",
										"file": "FC Job offer.docx",
										"fileContentType": "application/vnd.openxmlformats-officedocument.wordprocessingml.document"
									}
								},
								{
									"CREATEDOCUMENT": {
										"enabled": "true",
										"description": "Create 'FC Salary discussion form.docx' document",
										"replaceExistingDocument": false,
										"folderName": "/ECM Platinum Demo",
										"docClass": "Document",
										"docTitle": "FC Salary discussion form.docx",
										"file": "FC Salary discussion form.docx",
										"fileContentType": "application/vnd.openxmlformats-officedocument.wordprocessingml.document"
									}
								},
								{
									"CREATEDOCUMENT": {
										"enabled": "true",
										"description": "Create 'https--www.uscis.gov-sites-default-files-document-forms-i-9-paper-version.pdf.webloc' document",
										"replaceExistingDocument": false,
										"folderName": "/ECM Platinum Demo",
										"docClass": "Document",
										"docTitle": "https--www.uscis.gov-sites-default-files-document-forms-i-9-paper-version.pdf.webloc",
										"file": "https--www.uscis.gov-sites-default-files-document-forms-i-9-paper-version.pdf.webloc",
										"fileContentType": "application/octet-stream"
									}
								}
							]
						}
					}
				]
			}
		},
		{
			"CONTAINER": {
				"enabled": "$$(enableCreateEntryTemplate)$$",
				"description": "Create new entry template for Content Platinum Demo",
				"actions": [
					{
						"ICN": {
							"enabled": "true",
							"description": "Create new entry template",
							"relativeBasePath": "Business Automation Navigator",
							"subActions": [
								{
									"MANAGEENTRYTEMPLATES": {
										"enabled": "true",
										"description": "Add 'HR Application Document Entry Template' entry templates",
										"desktop": "FocusCorp",
										"entryTemplates": [
											{
												"action": "add",
												"name": "HR Application Document Entry Template",
												"type": "document",
												"defaultSaveInFolder": "/ECM Platinum Demo",
												"showSaveIn": false,
												"classDefinitionName": "ApplicationDocument",
												"customLayoutFile": "entryTemplateMarkup.txt",
												"hideClass": true,
												"showSecuritySection": false,
												"itemPermissions": [
													{
														"action": "add",
														"entityName": "henry",
														"entityType": "user",
														"permission": "owner"
													},
													{
														"action": "add",
														"entityName": "debby",
														"entityType": "user",
														"permission": "owner"
													},
													{
														"action": "add",
														"entityName": "patrick",
														"entityType": "user",
														"permission": "owner"
													}
												],
												"sharePermissions": [
													{
														"action": "add",
														"entityName": "henry",
														"entityType": "user",
														"permission": "owner"
													},
													{
														"action": "add",
														"entityName": "debby",
														"entityType": "user",
														"permission": "owner"
													},
													{
														"action": "add",
														"entityName": "patrick",
														"entityType": "user",
														"permission": "owner"
													}
												]
											}
										]
									}
								}
							]
						}
					}
				]
			}
		}
	]
}