{
	"fileVersion": "1.0.0",
	"fileLocation": "",
	"requiredToolVersion": ">=1.1.0 <1.2.0",
	"requiredCP4BAVersion": ">=23.1.0 <23.2.0",
	"requiredCP4BAPattern": "Starter",
	
	"actions": [
		{
			"CONTAINER": {
				"enabled": "$$(enableCleanupEntryTemplate)$$",
				"description": "Cleanup entry template for Content Platinum Demo",
				"actions": [
					{
						"ICN": {
							"enabled": "true",
							"description": "Cleanup entry template",
							"subActions": [
								{
									"MANAGEENTRYTEMPLATES": {
										"enabled": "true",
										"description": "Remove entry template 'HR Application Document Entry Template' using 'FocusCorp' desktop",
										"desktop": "FocusCorp",
										"entryTemplates": [
											{
												"action": "delete",
												"name": "HR Application Document Entry Template"
											}
										]	
									}
								}
							]
						}
					}
				]
			}
		},
		{
			"CONTAINER": {
				"enabled": "$$(enableCleanupUploadedDocuments)$$",
				"description": "Cleanup folder for Content Platinum Demo",
				"actions": [
					{
						"FNCM": {
							"enabled": "true",
							"description": "Remove 'ECM Platinum Demo' folder",
							"replaceExistingDocuments": false,
							"objectStoreName": "CONTENT",
							"subActions": [
								{
									"DELETEARTIFACT": {
										"enabled": "true",
										"description" : "Delete 'ECM Platinum Demo' folder and contained documents",
										"artifactNames": [ "/ECM Platinum Demo" ],
										"artifactType": "Folder",
										"deleteSubfolders": true,
										"deleteDocuments": true
									}
								}
							]
						}
					}
				]
			}
		},
		{
			"CONTAINER": {
				"enabled": "$$(enableCleanupCE)$$",
				"description": "Undeploy CPE Platinum Demo CE artifacts",
				"actions": [
					{
						"FNCM": {
							"enabled": "true",
							"description": "Remove CE artifacts in reverse order",
							"replaceExistingDocuments": false,
							"objectStoreName": "CONTENT",
							"subActions": [
								{
									"DELETEARTIFACT": {
										"enabled": "true",
										"description" : "Delete 'ApplicationDocument' class definition",
										"artifactNames": [ "ApplicationDocument" ],
										"artifactType": "ClassDefinition"
									}
								},
								{
									"DELETEARTIFACT": {
										"enabled": "true",
										"description": "Delete the property templates",
										"artifactNames": [ 
											"CandidateName",
											"ApplicationDate",
											"DepartmentName",
											"DocumentType",
											"DocumentSource" 
										],
										"artifactType": "PropertyTemplate"
									}
								},
								{
									"DELETEARTIFACT": {
										"enabled": "true",
										"description": "Delete the choice lists",
										"artifactNames": [ 
											"Department names",
											"Document types",
											"Document sources" 
										],
										"artifactType": "ChoiceList"
									}
								}
							]
						}
					}
				]
			}
		},		
		{
			"CONTAINER": {
				"enabled": "$$(enableCleanupRedaction)$$",
				"description": "Cleanup Role-based redaction settings for Content Platinum Demo",
				"actions": [
					{
						"ICN": {
							"enabled": "true",
							"description": "Cleanup role-based redaction related artifacts",
							"subActions": [
								{
									"MANAGEREDACTION": {
										"enabled": "true",
										"description": "Remove redaction reason/roles, and policy and editor permission for henry for 'content' repository",
										"repository": "content",
										"reverseOrder": true,
										
										"redactionPermissions": [
											{
												"action": "remove",
												"type": "redaction",
												"entityName": "henry",
												"entityType": "user"
											}
										],
										"redactionReasons": [
											{
												"action": "delete",
												"name": "Private Information"
											}
										],
										"redactionRoles": [
											{
												"action": "delete",
												"type": "viewer",
												"name": "FC redaction viewer"
											},
											{
												"action": "delete",
												"type": "editor",
												"name": "FC redaction editor"
											}
										],
										"redactionPolicies": [
											{
												"action": "delete",
												"name": "FC Redaction policy"
											}
										]
									}
								}
							]
						}
					}
				]
			}
		},
		{
			"CONTAINER": {
				"enabled": "$$(enableCleanupDesktop)$$",
				"description": "Cleanup Desktop for Content Platinum Demo",
				"actions": [
					{
						"FNCM": {
							"comment" : "Remove 'Workflows' folder and with that also all contained documents",
							"enabled": "true",
							"description" : "CPE - Delete 'Workflows' folder and contained documents from object store 'CONTENT'",
							"objectStoreName": "CONTENT",
							"subActions": [
								{
									"DELETEARTIFACT": {
										"enabled": "true",
										"description" : "Delete 'Workflows' folder and contained documents",
										"artifactNames": [ "/Workflows" ],
										"artifactType": "Folder",
										"deleteSubfolders": true,
										"deleteDocuments": true
									}
								}
							]
						}
					},
					{
						"ICN": {
							"enabled": "true",
							"description": "Cleanup Desktop related artifacts",
							"subActions": [
								{
									"MANAGEDESKTOP": {
										"enabled": "true",
										"description": "Make 'content' desktop the default",
										"action": "update",
										"desktopName": "contentdesktop",
										"makeDefault": true
									}
								},
								{
									"MANAGEDESKTOP": {
										"enabled": "true",
										"description": "Delete 'FocusCorp' desktop",
										"action": "delete",
										"desktopName": "FocusCorp"
									}
								},
								{
									"MANAGEVIEWERMAPS": {
										"enabled": "true",
										"description": "Delete 'FCViewerMap' Viewer Map",
										"action": "delete",
										"viewerMapName": "FCViewerMap"
									}
								}
							]
						}
					}
				]
			}
		},
		{
			"CONTAINER": {
				"enabled": "$$(enableCleanupPE)$$",
				"description": "Undeploy Content Platinum Demo PE artifacts",
				"actions": [
					{
						"FNCM": {
							"enabled": "true",
							"description": "Remove PE artifacts in reverse order",
							"replaceExistingDocuments": false,
							"objectStoreName": "CONTENT",
							"subActions": [
								{
									"MANAGEAPPSPACESECURITY": {
										"enabled": "true",
										"description": "Remove security for application space 'DefaultApplication'",
										"appSpaceName": "DefaultApplication",
										"applyOnlyProvidedEntities": false,
										"accessRights": [
											{
												"action": "delete",
												"entityName": "henry"
											},
											{
												"action": "delete",
												"entityName": "debby"
											},
											{
												"action": "delete",
												"entityName": "patrick"
											}
										]
									}
								},
								{
									"MANAGEAPPSPACEROLES": {
										"enabled": "true",
										"description": "Remove role 'FC Approvers' from application space 'DefaultApplication'",
										"appSpaceName": "DefaultApplication",
										"queueName": "Inbox",
										"removeUnmentionedRoles": false,
										"roles": [
											{
												"action": "delete",
												"name": "FC Approvers"
											}
										]
									}
								},
								{
									"MANAGEQUEUESECURITY": {
										"enabled": "true",
										"description": "Remove security for queue 'Inbox'",
										"queueName": "Inbox",
										"applyOnlyProvidedEntities": false,
										"accessRights": [
											{
												"action": "delete",
												"entityName": "henry"
											},
											{
												"action": "delete",
												"entityName": "debby"
											},
											{
												"action": "delete",
												"entityName": "patrick"
											}
										]
									}
								},
								{
									"MANAGEQUEUEWORKBASKETS": {
										"enabled": "true",
										"description": "Remove work basket 'FC review inbox' from queue 'Inbox'",
										"queueName": "Inbox",
										"applyOnlyProvidedWorkBaskets": false,
										"workBaskets": [
											{
												"action": "delete",
												"name": "FC review inbox"
											}
										]
									}
								},
								{
									"MANAGEQUEUEEXPOSEDSYSTEMFIELDS": {
										"enabled": "true",
										"description": "Manage Queue Exposed System Fields",
										"queueName": "Inbox",
										"onlySpecifiedOptionalSystemFields": false,		
										"exposedFields": [
											{
												"action": "delete",
												"name": "F_StartTime"
											},
											{
												"action": "delete",
												"name": "F_Comment"
											},
											{
												"action": "delete",
												"name": "F_Response"
											},
											{
												"action": "delete",
												"name": "F_StepName"
											},
											{
												"action": "delete",
												"name": "F_Deadline"
											}
										]
									}
								},
								{
									"MANAGEISOLATEDREGIONSETTINGS": {
										"enabled": "true",
										"description": "Remove 'serverBaseURL' for 'ICN WebApp' for isolated region",
										"settings": {
											"applyOnlyProvidedSettings": false,
											"webApps": [
												{
													"action": "delete",
													"isDefault": true,
													"webApplication": "IBM Content Navigator"
												}
											]
										}		
									}
								}
							]
						}
					},
					{
						"ICN": {
							"enabled": "true",
							"description": "Restore P8 repository 'content' settings to previous state",
							"subActions": [
								{
									"UPDATEP8REPOSETTINGS": {
										"enabled": "true",
										"description": "Update P8 repository settings",
										"repoId": "content",
									   	"displayWorkflowDefinitionClass": false,
									   	"displayFormTemplateClass": false,
										"allowMergeSplitForRoleBasedRedaction": false
									}
								}
							]
						}
					}
				]
			}
		},
		{
			"CONTAINER": {
				"enabled": "$$(enableCleanupUsers)$$",
				"description": "Remove users from Cloud Pak Platform and LDAP",
				"actions": [	
					{
						"ICN": {
							"enabled": "true",
							"description": "Remove user from ICN admin users",
							"subActions": [
								{
									"UPDATEADMINSETTINGS": {
										"enabled": "true",
										"description": "Update Admin Settings removing user from admin access list",
										"users": [
											{
												"action": "delete",
												"name": "henry"
											}
										]
									}
								}
							]
						}
					},			
					{
						"OCP": {
							"enabled": "true",
							"description": "Add users to LDIF and restart LDAP",
							"subActions": [
								{
									"PLATFORM_USERMGT": {
										"enabled": "true",
										"description": "Remove users from Cloud Pak Platform",
										"entities": [
											{
												"action": "delete",
												"name": "henry"
											},
											{
												"action": "delete",
												"name": "debby"
											},
											{
												"action": "delete",
												"name": "patrick"
											}
										]
									}
								},
								{
									"MODIFYSTARTERLDAP": {
										"enabled": "true",
										"description": "Remove users from LDAP (group membership will be implicitly updated)",
										"restartPod": true,
										"maximumNumPollsForRestart": 15,
										"sleepBetweenPollsInSecondsForRestart" : 10,
										"entities": [
											{
												"action": "delete",
												"type": "user",
												"dn": "uid=henry,dc=example,dc=org"
											},
											{
												"action": "delete",
												"type": "user",
												"dn": "uid=debby,dc=example,dc=org"
											},
											{
												"action": "delete",
												"type": "user",
												"dn": "uid=patrick,dc=example,dc=org"
											}
										]
									}
								}
							]
						}
					}
				]
			}
		}
	]
}