{
  "metadata" : {
    "id" : "bc33ada7-d019-472d-8931-585c260263a3",
    "name" : "LTV",
    "modified_at" : "2021-08-11T13:30:01.731Z",
    "created_at" : "2021-08-11T13:30:01.731Z",
    "owner" : "IBMid-270002541S",
    "space_id" : "e97d5b16-0b2e-4f72-86f9-8f590086e2c5"
  },
  "entity" : {
    "name" : "LTV",
    "space_id" : "e97d5b16-0b2e-4f72-86f9-8f590086e2c5",
    "custom" : { },
    "online" : { },
    "status" : {
      "state" : "ready",
      "online_url" : {
        "url" : "https://eu-gb.ml.cloud.ibm.com/ml/v4/deployments/bc33ada7-d019-472d-8931-585c260263a3/predictions"
      }
    },
    "asset" : {
      "id" : "e41c0b4b-39ab-4d67-9c38-6a101d7c7f2a"
    }
  },
  "name" : "LTV",
  "status" : "ready",
  "deployedAt" : "2021-08-11T13:30:01.731Z"
}