{
  "metadata" : {
    "id" : "e41c0b4b-39ab-4d67-9c38-6a101d7c7f2a",
    "name" : "LOT Customer LTV prediction - P1 XGB Regressor",
    "modified_at" : "2021-07-26T13:01:36.877Z",
    "created_at" : "2021-07-26T13:01:36.592Z",
    "owner" : "IBMid-270002541S",
    "space_id" : "e97d5b16-0b2e-4f72-86f9-8f590086e2c5"
  },
  "entity" : {
    "label_column" : "LTV",
    "content_import_state" : "completed",
    "type" : "wml-hybrid_0.1",
    "schemas" : {
      "input" : [ {
        "id" : "auto_ai_kb_input_schema",
        "fields" : [ {
          "name" : "Gender",
          "type" : "other",
          "nullable" : true
        }, {
          "name" : "Status",
          "type" : "other",
          "nullable" : true
        }, {
          "name" : "Children",
          "type" : "integer",
          "nullable" : true
        }, {
          "name" : "Est Income",
          "type" : "double",
          "nullable" : true
        }, {
          "name" : "Car Owner",
          "type" : "other",
          "nullable" : true
        }, {
          "name" : "Age",
          "type" : "double",
          "nullable" : true
        }, {
          "name" : "Paymethod",
          "type" : "other",
          "nullable" : true
        }, {
          "name" : "Usage",
          "type" : "double",
          "nullable" : true
        }, {
          "name" : "RatePlan",
          "type" : "integer",
          "nullable" : true
        } ]
      } ],
      "output" : [ ]
    }
  },
  "id" : "e41c0b4b-39ab-4d67-9c38-6a101d7c7f2a",
  "name" : "LOT Customer LTV prediction - P1 XGB Regressor",
  "trainedAt" : "2021-07-26T13:01:36.592Z",
  "modifiedAt" : "2021-07-26T13:01:36.877Z"
}