{
  "metadata" : {
    "id" : "778ddc1c-b235-49fc-bfaf-12cd69a6627b",
    "name" : "CHURN",
    "modified_at" : "2023-04-03T08:34:44.110Z",
    "created_at" : "2023-04-03T08:34:44.110Z",
    "owner" : "IBMid-270002541S",
    "space_id" : "79f7ca29-f674-41bb-9c0f-f7de0d943bd9"
  },
  "entity" : {
    "name" : "CHURN",
    "space_id" : "79f7ca29-f674-41bb-9c0f-f7de0d943bd9",
    "custom" : { },
    "online" : { },
    "status" : {
      "state" : "ready",
      "online_url" : {
        "url" : "https://eu-gb.ml.cloud.ibm.com/ml/v4/deployments/778ddc1c-b235-49fc-bfaf-12cd69a6627b/predictions"
      },
      "serving_urls" : [ "https://eu-gb.ml.cloud.ibm.com/ml/v4/deployments/778ddc1c-b235-49fc-bfaf-12cd69a6627b/predictions" ]
    },
    "asset" : {
      "id" : "7753b91f-f98b-4ebd-8ba8-050a7883ffb7"
    }
  },
  "name" : "CHURN",
  "status" : "ready",
  "deployedAt" : "2023-04-03T08:34:44.110Z"
}