{
  "metadata" : {
    "id" : "7753b91f-f98b-4ebd-8ba8-050a7883ffb7",
    "name" : "SkyTalk churn prediction - P4 Random Forest Classifier",
    "modified_at" : "2023-04-03T08:31:47.609Z",
    "created_at" : "2023-04-03T08:31:47.380Z",
    "owner" : "IBMid-270002541S",
    "space_id" : "79f7ca29-f674-41bb-9c0f-f7de0d943bd9"
  },
  "entity" : {
    "label_column" : "CHURN",
    "content_import_state" : "completed",
    "metrics" : [ {
      "timestamp" : "2023-04-03T08:25:50.000Z",
      "ml_metrics" : { },
      "context" : {
        "phase" : "hpo_c_output"
      }
    } ],
    "type" : "wml-hybrid_0.1",
    "schemas" : {
      "input" : [ {
        "id" : "auto_ai_kb_input_schema",
        "fields" : [ {
          "name" : "Gender",
          "type" : "other",
          "nullable" : true
        }, {
          "name" : "Status",
          "type" : "other",
          "nullable" : true
        }, {
          "name" : "Household",
          "type" : "integer",
          "nullable" : true
        }, {
          "name" : "Est Income",
          "type" : "double",
          "nullable" : true
        }, {
          "name" : "Car Owner",
          "type" : "other",
          "nullable" : true
        }, {
          "name" : "Age",
          "type" : "double",
          "nullable" : true
        }, {
          "name" : "Paymethod",
          "type" : "other",
          "nullable" : true
        }, {
          "name" : "Usage",
          "type" : "double",
          "nullable" : true
        }, {
          "name" : "RatePlan",
          "type" : "integer",
          "nullable" : true
        } ]
      } ],
      "output" : [ ]
    }
  },
  "system" : {
    "warnings" : [ ]
  },
  "id" : "7753b91f-f98b-4ebd-8ba8-050a7883ffb7",
  "name" : "SkyTalk churn prediction - P4 Random Forest Classifier",
  "trainedAt" : "2023-04-03T08:31:47.380Z",
  "modifiedAt" : "2023-04-03T08:31:47.609Z"
}