{
  "metadata" : {
    "id" : "fdbb5965-d811-4aad-ba4e-95d94bc29636",
    "name" : "Customer Lifetime Value",
    "modified_at" : "2023-04-03T08:35:06.867Z",
    "created_at" : "2023-04-03T08:35:06.867Z",
    "owner" : "IBMid-270002541S",
    "space_id" : "79f7ca29-f674-41bb-9c0f-f7de0d943bd9"
  },
  "entity" : {
    "name" : "Customer Lifetime Value",
    "space_id" : "79f7ca29-f674-41bb-9c0f-f7de0d943bd9",
    "custom" : { },
    "online" : { },
    "status" : {
      "state" : "ready",
      "online_url" : {
        "url" : "https://eu-gb.ml.cloud.ibm.com/ml/v4/deployments/fdbb5965-d811-4aad-ba4e-95d94bc29636/predictions"
      },
      "serving_urls" : [ "https://eu-gb.ml.cloud.ibm.com/ml/v4/deployments/fdbb5965-d811-4aad-ba4e-95d94bc29636/predictions" ]
    },
    "asset" : {
      "id" : "008f519d-e956-48bb-8024-c8c4754cc651"
    }
  },
  "name" : "Customer Lifetime Value",
  "status" : "ready",
  "deployedAt" : "2023-04-03T08:35:06.867Z"
}