{
  "metadata" : {
    "id" : "55b8112e-c984-4ad6-887d-7862e64151fc",
    "name" : "CHURN",
    "modified_at" : "2021-08-27T11:38:53.894Z",
    "created_at" : "2021-08-27T11:38:53.894Z",
    "owner" : "IBMid-661002FQU1",
    "space_id" : "7406d1ca-d4ab-4c2d-ab62-7cece108e535"
  },
  "entity" : {
    "name" : "CHURN",
    "space_id" : "7406d1ca-d4ab-4c2d-ab62-7cece108e535",
    "custom" : { },
    "online" : { },
    "status" : {
      "state" : "ready",
      "online_url" : {
        "url" : "https://eu-de.ml.cloud.ibm.com/ml/v4/deployments/55b8112e-c984-4ad6-887d-7862e64151fc/predictions"
      }
    },
    "asset" : {
      "id" : "1d4ef027-e4a7-4afc-a20d-46df2692ce96"
    }
  },
  "name" : "CHURN",
  "status" : "ready",
  "deployedAt" : "2021-08-27T11:38:53.894Z"
}