{
  "metadata" : {
    "id" : "1d4ef027-e4a7-4afc-a20d-46df2692ce96",
    "name" : "SkyTalk CHURN prediction - P1 LGBM Classifier",
    "modified_at" : "2021-08-27T11:37:04.324Z",
    "created_at" : "2021-08-27T11:37:04.143Z",
    "owner" : "IBMid-661002FQU1",
    "space_id" : "7406d1ca-d4ab-4c2d-ab62-7cece108e535"
  },
  "entity" : {
    "label_column" : "CHURN",
    "content_import_state" : "completed",
    "type" : "wml-hybrid_0.1",
    "schemas" : {
      "input" : [ {
        "id" : "auto_ai_kb_input_schema",
        "fields" : [ {
          "name" : "Gender",
          "type" : "other",
          "nullable" : true
        }, {
          "name" : "Status",
          "type" : "other",
          "nullable" : true
        }, {
          "name" : "Household",
          "type" : "integer",
          "nullable" : true
        }, {
          "name" : "Est Income",
          "type" : "double",
          "nullable" : true
        }, {
          "name" : "Car Owner",
          "type" : "other",
          "nullable" : true
        }, {
          "name" : "Age",
          "type" : "double",
          "nullable" : true
        }, {
          "name" : "Paymethod",
          "type" : "other",
          "nullable" : true
        }, {
          "name" : "Usage",
          "type" : "double",
          "nullable" : true
        }, {
          "name" : "RatePlan",
          "type" : "integer",
          "nullable" : true
        } ]
      } ],
      "output" : [ ]
    }
  },
  "id" : "1d4ef027-e4a7-4afc-a20d-46df2692ce96",
  "name" : "SkyTalk CHURN prediction - P1 LGBM Classifier",
  "trainedAt" : "2021-08-27T11:37:04.143Z",
  "modifiedAt" : "2021-08-27T11:37:04.324Z"
}