{
  "metadata" : {
    "id" : "470e7b67-7428-4e19-aa8b-7bf26a857ffa",
    "name" : "SkyTalk lifetime value prediction - P1 XGB Regressor",
    "modified_at" : "2021-11-17T15:05:43.717Z",
    "created_at" : "2021-11-17T15:05:43.413Z",
    "owner" : "IBMid-270002541S",
    "space_id" : "374efdfd-7a04-432d-9bc1-fec6d6e56d30"
  },
  "entity" : {
    "label_column" : "LifetimeValue",
    "content_import_state" : "completed",
    "metrics" : [ {
      "timestamp" : "2021-11-17T14:57:50.000Z",
      "ml_metrics" : { },
      "context" : {
        "phase" : "pre_hpo_d_output"
      }
    } ],
    "type" : "wml-hybrid_0.1",
    "schemas" : {
      "input" : [ {
        "id" : "auto_ai_kb_input_schema",
        "fields" : [ {
          "name" : "Gender",
          "type" : "other",
          "nullable" : true
        }, {
          "name" : "Status",
          "type" : "other",
          "nullable" : true
        }, {
          "name" : "Household",
          "type" : "integer",
          "nullable" : true
        }, {
          "name" : "Est Income",
          "type" : "double",
          "nullable" : true
        }, {
          "name" : "Car Owner",
          "type" : "other",
          "nullable" : true
        }, {
          "name" : "Age",
          "type" : "double",
          "nullable" : true
        }, {
          "name" : "Paymethod",
          "type" : "other",
          "nullable" : true
        }, {
          "name" : "Usage",
          "type" : "double",
          "nullable" : true
        }, {
          "name" : "RatePlan",
          "type" : "integer",
          "nullable" : true
        } ]
      } ],
      "output" : [ ]
    }
  },
  "id" : "470e7b67-7428-4e19-aa8b-7bf26a857ffa",
  "name" : "SkyTalk lifetime value prediction - P1 XGB Regressor",
  "trainedAt" : "2021-11-17T15:05:43.413Z",
  "modifiedAt" : "2021-11-17T15:05:43.717Z"
}