{
  "metadata" : {
    "id" : "b8941bfb-709f-4d44-b0e3-943b3b967c87",
    "name" : "churn",
    "modified_at" : "2021-08-11T13:29:47.731Z",
    "created_at" : "2021-08-11T13:29:47.731Z",
    "owner" : "IBMid-270002541S",
    "space_id" : "e97d5b16-0b2e-4f72-86f9-8f590086e2c5"
  },
  "entity" : {
    "name" : "churn",
    "space_id" : "e97d5b16-0b2e-4f72-86f9-8f590086e2c5",
    "custom" : { },
    "online" : { },
    "status" : {
      "state" : "ready",
      "online_url" : {
        "url" : "https://eu-gb.ml.cloud.ibm.com/ml/v4/deployments/b8941bfb-709f-4d44-b0e3-943b3b967c87/predictions"
      }
    },
    "asset" : {
      "id" : "38e20ed6-c7c5-452f-8fb1-c5bd9eb5c503"
    }
  },
  "name" : "churn",
  "status" : "ready",
  "deployedAt" : "2021-08-11T13:29:47.731Z"
}