{
  "metadata" : {
    "id" : "38e20ed6-c7c5-452f-8fb1-c5bd9eb5c503",
    "name" : "LOT-Customer retention demo  CHURN experiment - P7 XGB Classifier",
    "modified_at" : "2021-07-26T13:02:39.463Z",
    "created_at" : "2021-07-26T13:02:39.140Z",
    "owner" : "IBMid-270002541S",
    "space_id" : "e97d5b16-0b2e-4f72-86f9-8f590086e2c5"
  },
  "entity" : {
    "label_column" : "CHURN",
    "content_import_state" : "completed",
    "type" : "wml-hybrid_0.1",
    "schemas" : {
      "input" : [ {
        "id" : "auto_ai_kb_input_schema",
        "fields" : [ {
          "name" : "Gender",
          "type" : "other",
          "nullable" : true
        }, {
          "name" : "Status",
          "type" : "other",
          "nullable" : true
        }, {
          "name" : "Children",
          "type" : "integer",
          "nullable" : true
        }, {
          "name" : "Est Income",
          "type" : "double",
          "nullable" : true
        }, {
          "name" : "Car Owner",
          "type" : "other",
          "nullable" : true
        }, {
          "name" : "Age",
          "type" : "double",
          "nullable" : true
        }, {
          "name" : "Paymethod",
          "type" : "other",
          "nullable" : true
        }, {
          "name" : "Usage",
          "type" : "double",
          "nullable" : true
        }, {
          "name" : "RatePlan",
          "type" : "integer",
          "nullable" : true
        } ]
      } ],
      "output" : [ ]
    }
  },
  "id" : "38e20ed6-c7c5-452f-8fb1-c5bd9eb5c503",
  "name" : "LOT-Customer retention demo  CHURN experiment - P7 XGB Classifier",
  "trainedAt" : "2021-07-26T13:02:39.140Z",
  "modifiedAt" : "2021-07-26T13:02:39.463Z"
}